TileID,
2022_HARV_7_723000_4707000
2022_HARV_7_724000_4705000
2022_HARV_7_724000_4706000
2022_HARV_7_725000_4696000
2022_HARV_7_725000_4698000
2022_HARV_7_725000_4700000
2022_HARV_7_725000_4701000
2022_HARV_7_725000_4706000
2022_HARV_7_726000_4698000
2022_HARV_7_726000_4699000
2022_HARV_7_726000_4703000
2022_HARV_7_726000_4704000
2022_HARV_7_727000_4700000
2022_HARV_7_727000_4701000
2022_HARV_7_727000_4702000
2022_HARV_7_727000_4704000
2022_HARV_7_728000_4699000
2022_HARV_7_728000_4702000
2022_HARV_7_730000_4701000
2022_HARV_7_731000_4712000
2022_HARV_7_731000_4713000
2022_HARV_7_732000_4713000
